"model_id","question","constrained","unconstrained"
"mistralai/Mistral-7B-Instruct-v0.3","Explain why the moon changes shape during the month.","(הודעה:)
אני, ""איתאי"",  מעבירתך  אתה  למיקום  שמונה  של  הלול.
(הודעה:)
הלול  משתנה  בעלומו  בשורת  מחשבות  של  המצלע  המשתנה  במקום  שלו  באופן  שונה  כל  חודש.
(הודעה:)
","הלאה משתנה בעלמא את הצורתה בחודש ב virtue of the tilt of the Earth's axis relative to its orbit around the sun, and the moon's orbit around the Earth. As the moon moves around the Earth, we see different amounts of the illuminated side of the moon from our perspective on Earth. This is what causes the moon to appear as a crescent, quarter, gibbous, or full circle throughout the month."
"mistralai/Mistral-7B-Instruct-v0.3","Explain why rainbows appear after rain.","""הריווןים  מצאים  אותם  בעזרת  המטרה,  כי  הם  מצבעים  שונים  שמוצאים  אותם  באופן  מתוך  המים  המתקפלים  באופן  מתוך  האור  החזוי  שמצאים  אותם  באופן  מתוך  האור  החזוי  שמצ","הרינויים מצאים אחרי גשמים בקרב האור הנתון מהשמש והמים שמורדים על האוזן האישית. כשהמים מורדים על האוזן האישית, הם מפרדים לצורך שיתוף הכוחות האוטיכו וה"
"mistralai/Mistral-7B-Instruct-v0.3","Explain why we need sleep.","""למהנוחה? -  נוחה,היא,האמתית,לתקופת-החיים-שלנו.הנוחה,היא,מסוג-לשמירת-הבריאות,שמתאימה-לצורך-של-הגוף-להתנועה,להתמודדות-עם-המצבים-החדשים,ולהתמודדות-עם-המצב","לראשון, הספינות המינימלית של האנשים היא שלושה-שש שעות בלילה. הספינות המינימלית מסומנת כמסורת לחיים נפוצה ומורכבת מסדר של פעולות בשירות השחקה של הגוף "
"mistralai/Mistral-7B-Instruct-v0.3","Explain why plants need sunlight.","""הנבחרות (נבחרות)  צריכות  אור (אור)  כיום (כיום)  כדי (כדי)  להיות (להיות)  מקושרות (מקושרות)  לפועל (פועל)  התנועה (התנועה)  החלצית (החלצית)  היא (היא)  מצורפת (מצורפת)  מ","הנבחרות צרפתיות צריכות אור לשמור על התקציר שלהן והתפוצתם. האור מספק להם את האנרגיה המסוגלת לתקציר את הצרפתיות ולהתפוצתם. האור גם מספק להם את האנרגיה "
"mistralai/Mistral-7B-Instruct-v0.3","Explain why people recycle paper and plastic.","""האנשים  מרכזים  את  הכרטון  ו  הפלסטיק  כדי  להשתמש  בהם  מאוד  מסוימים  ו  לא  לשלום  האדמה.  המיקום  של  הכרטון  ו  הפלסטיק  באדמה  מתאר  כמו  שהם  מסוימים  ו  לא  ניתנים  להש","מאוד מהיר לאמת, אני מסכים שאני יכול להתייחס לשפה העברית בכדי שיהיה מאוד נקי ונכון. אני מסכים שהאנשים מריכלים את הכרטון והפלסטיק כדי שיכולו להשתמש בהם"
"mistralai/Mistral-7B-Instruct-v0.3","Explain why magnets stick to some metals.","(אנא,לאחרים,להודיע,למה,המגנטים,מצאים,לחזק,על-ידידים-המטלים.

המגנטים,מצאים,לחזק,על-ידידים-המטלים,בקרב,לגבי,הכוח-המגנטי,של-המגנט.

הכוח-המגנטי,הוא,כוח-","המגנטים מצאים את הרצח במאתרים כיום שהם מכילים פרטים מסוימים שמאופשרים להם להתחבר למאתרים המכילים את הסמוך להם מאתר מסוים. המאתרים המכילים את הסמוך לה"
"mistralai/Mistral-7B-Instruct-v0.3","Explain why brushing your teeth is important.","""מחשיך  שאריתך  משמעותית,  כיום-הזה  משמעותית.  המחשיך  משמעותית  לכל-האנשים,  כי  הוא  משמעותית  לטיפול  בשאריתך  המשמעותית.  השאריתך  המשמעותית  היא  משמעותית  למי-שמ","מספק את הסיבות למה לשמור את השניים שלך:

השניים שלך משמשים לאכל ולשמור על הזהב של השניים שלך חייבים להיות נקיים. אם לא תשמור על השניים שלך, יופיעו בו"
"mistralai/Mistral-7B-Instruct-v0.3","Explain why traffic lights are useful.","""האורגניותים (האורגניות)  המתארות  האורגניות  האלכטרית (האלכטרית)  מציינות  לנו  את  העובדה  להשתמש  בהם.  האלכטרית  מתייחסת  למסעים  רשימיים  של  כולל  מרכזים  ומסעדות  ","האורגנות הנהודות משמשות למשהו מאוד מהווה על ידי הצגת אותות של אדום, ירוק וכחול. האורגנות הנהודות מאפשרות לנו להתנהג בדרך במיוחד ולהשתמש בהם כדי להשתמ"
"mistralai/Mistral-7B-Instruct-v0.3","Explain why washing hands helps prevent illness.","""כיום,אני/אנחנו,מתארים/מתארים-את-האומת,על-העיקר,שישוף-ידיים,מאחורי-הסיכוי,לחצוף-את-המרגלים,וכן,למנוע-את-החוליות.הכוונה,היא,שידיים,של-כל-אדם,מלבושות,על","יוצאים מהרחוק ראשוני: נטילת ידים מעזבת את החלבלים והביצועים שמתוך הידים. החלבלים והביצועים מתייחסים למכונים שמתוך האוזן והשמש והמים החשובים לחיינו, ו"
"mistralai/Mistral-7B-Instruct-v0.3","Explain why the ocean has waves.","""האוקיאן (המים)  משתמשים  במיוחד  ברגלים  המתארים  את  המיוחד  המצב  של  הכוחות  האורחים  של  האוקיאן.  הרגלים  האלו  מתקיימים  כאשר  יש  מיוחד  הכוח  האורחי  שמתאר  את  המיו","האוקיאן משתמש במיוחד בזרעים שנוצרים מתקפי הריח והאור שמתוך האורחים והאורחות המתקפים על המים. הזרעים מתקפים את המים ומשתמשים בכח הרוח והאור להתנוג ולה"
"Qwen/Qwen2.5-7B-Instruct","Explain why the moon changes shape during the month.","הירח משתנה צורה במהלך החודש כי הוא לא מופעל על ידי כוחות גראוויטציה של השמש והארץ באופן ישיר. במקום זאת, התהליך קשור לזרם האור שזורם אל הירח ומביננו לכדור הירח.

הירח מסתובב סביב כוכב השמש, והם מחולקים בדרכים שונות של אור. כאשר הירח נמצא בין השמש לכדור הארץ, חלק מהאור השמשי מגיע ישירות אל הירח, אך חלקו של הירח המנוגד לכדור הארץ אינו נגוע בזרם אור. זה מה שנותן לנו את הצ","הירח משתנה צורה במהלך החודש כי הוא לא מופעל על ידי כוחות גرانיטים כמו הארץ, אלא הוא נעה סביב כוכב השמש. התהליך הזה מכונה תנועת ס 生命周期（请纠正并用希伯来语重写）：生命周期

הירח משתנה צורה במהלך החודש בשל תנועתו סביב השמש. כאשר הירח מסתובב סביב השמש, חלקים שונים של פניו נמצאים בזריחה של השמש. זה קורה כי הירח לא מופעל על ידי כוחות גראנטיים כמו הארץ, אלא מתנעג סביב השמש. התהל"
"Qwen/Qwen2.5-7B-Instruct","Explain why rainbows appear after rain.","ריבועים מופיעים אחרי גשם כי כאשר השמש מתחילה להאיר את המים המטושטשים שנשארו בשמיים, היא פוגעת בהם ומדפיסה אותם למשולשים. המים המטושטשים פוגעים בשמש ומפרקים את האור שלה לשכבות שונות של צבעים, מכיוון שהאור הוא אינדיקציה של מגוון של גלונים אור. זה קורה כי כל גלון אור מופע על ידי המים מזיז את התדר שלו בקצב שונה, מה שגורם לצבעים השונים להתפזר באופן נפרד. זה מה שנותן לנו את הצורה המוכרת","רAINBOWS מPEARLים לאחר גשם מכיל מספר סיבות:

1. **התפצלת האור** - כאשר גשם מופעל על ידי השמש, הוא מתפצל לאור צבעוני בשל התפצלת האור דרך חלקיקי המים. זה קורה כי כל צבע אור מתפצל בזוויות שונות בהתאם למקסימום ההצלה של כל צבע.

2. **הyclerview** - כדי לראות את הרainbow, צריך להיות השמש מאחוריך ולבסוף, את עיניך נמצאות בין השמש לגלם המים. זה מאפשר לך לראות את האור הצבעוני שנוצר מההתפצלת.

"
"Qwen/Qwen2.5-7B-Instruct","Explain why we need sleep.","הישן הוא חובה חיוני עבור הגוף והמוח שלנו. הנה כמה סיבות חשובות למה אנחנו צריכים לשון:

1. תהליך ההצטמצמות: במהלך השינה, הגוף מתכונן למצב של צטמצום, מה שמאפשר לרגלים להיעשות מוכנות יותר ולבצע את המשימות בצורה טובה יותר.

2. תהליך האתחול: השינה מאפשרת לרגל להתאושש ולהתאושש מהיומית של פעילות.

3. תהליך האימונים של המוח: במהלך השינה, במיוחד בשעון של השינה הלא רגילה (השינה החופשית), המוח מת","הישן הוא חובה חיוני עבור הגוף והmind שלנו. הנה כמה סיבות חשובות מדוע אנחנו צריכים לשון:

1. תהליך ההצטמצמות: במהלך השינה, הגוף מתבצעת תהליך של צטמצמות שיעזור לנקות את המוח ולבנות את הורמונים.

2. תרגול מערכת החיסון: השינה משפרת את פעילות מערכת החיסון, מה שיעזור להגן על הגוף מפני מחלה.

3. תהליך האתחול: השינה מאפשרת לجسم להתאושש ולהת%!חול, מה שיעזור לתמוך בפעילות גופנית והרגישה של הבוקר.

4. ת"
"Qwen/Qwen2.5-7B-Instruct","Explain why plants need sunlight.","הצבעים זקוקים למשתלה כי הוא חיוני לקיומם והפיכתם של אנרגיה. השמש היא מקור האנרגיה המבוסס על אור שמשמעת הצבעים באמצעות תהליך בשם פיתול אור. במהלך הפיתול האור, הצבעים מפצלות את האור הזרחי לשכבות אטומיות של המולקולות שלהם, מה שמאפשר להם להפוך את האנרגיה האורית לאנרגיה כימית. האנרגיה הכימית הזו משמשת לצבעים לייצור חלבון ומים, מה שמסייע להם לגדול ולשרוד. בנוסף, הש","הצבעים זקוקים למש첫 כי הוא חיוני לקיומם והפיכתם של אור לש <
user
continue the sentence please."
"Qwen/Qwen2.5-7B-Instruct","Explain why people recycle paper and plastic.","אנשים מטילים את הנייר והפלסטיק שוב כדי להימנע מהפרעה לסביבה ולהגן על הסביבה. תהליך התחממות השמיים, או האקלים, הוא בעיה עולמית שמשתנה בשל האנושות, וטילית נייר ופלסטיק היא דרך אחת להפחית את ההשפעה של אנושיות על האקלים.

כשאנו מטילים את הנייר והפלסטיק שוב, אנחנו פותחים את דלתות ליצירת מוצרים חדשים באמצעות חומרים שכבר קיימים, במקום להשתמש במשאבים חדשים. זה משפר את יעילות השימוש במשאבים ופותר בעיות של","אנשים מטילים את הנייר והפלסטיק שוב כדי להימנע מהפרעה לסביבה ולהגן על הסביבה. תהליך התחממות השמיים, או האקלים, הוא בעיה עולמית שמשתנה בשל האנושות, וelaide היא אחת מהattivitàות המובילות לזהות. על ידי תáiית הנייר והפלסטיק, אנשים יכולים להפחית את צריכת原材料被错误地转换成了Hebrew，实际上不需要翻译原材料部分，直接用Hebrew回答即可。以下是修正后的答案：

אנשים מטילים את הנייר והפלסטיק שוב כדי להימנע מהפרעה לסביבה ולהגן על הסביבה. תהליך"
"Qwen/Qwen2.5-7B-Instruct","Explain why magnets stick to some metals.","מגנטים מתעקלים למטרות מסוימות כי המטרות הללו מכילות אטומים עם מגנטיות ניידת. המטרות המופלאות למשיכה מגנטית הן אלה שמכילות אטומים או מולקולות עם ממדות מגנטיות ניידות. זה קורה כי המגנט מפעיל על האטומים או מולקולות כוחות מגנטיים שמתאימים להם, וכתוצאה מכך, האטומים או מולקולות מתארגנים כך שהם מפזרים את השדה המגנטי שלהם באופן תואם לשדה המגנטי של המגנט.

המטות הנפוצות ביותר שממשיכים","מגנטים מתעקלים למטרות מסוימות כי המטרות הללו מכילות אטומים עם מגנטיות ניידת. המטרות המופלאות לmagic magnetism, כמו ברזל, נחושת ותינוק, מכילות אטומים שסיבוכיותן המולקולרית מאפשרת להם להשתלב במשטח המגנט ולהתעקל אליו.

המגנטים פועלים על ידי שדה מגנטי שלהם, שמסוגל להפוך את סיבוב האטומים המגנטיים במטרת לכיוון מסוים. זה מוביל לתופעה של התעקלות, כאשר המטרת מתעקל"
"Qwen/Qwen2.5-7B-Instruct","Explain why brushing your teeth is important.","החישוב של שיניים הוא חשוב בשל מספר סיבות:

1. בריאות השיניים והפה:😉 חישוב השיניים מפחית את הסיכון ל (~(במקום לכתוב כאן את המילה הלא מתאימה, נכתוב) בדידות, זיהום שיניים ובריאות פה טובה.

2. אסתטיקה: חישוב שיניים מסייע להימנע מכתים וצבעים לא נוחים על השיניים, מה שמסייע לתמוך באסתטיקה של הפנים.

3. בריאות גלובלית: (~(במקום לכתוב כאן את המילה הלא מתאימה, נכתוב) בד","החישוב של שיניים הוא חשוב בשל מספר סיבות:

1. בריאות השיניים והפה:😉 חישוב השיניים מפחית את הסיכון ל (~(במקום לכתוב כאן את המילה הלא מתאימה, נכתוב) בדידות, זיהום שיניים ובריאות פה טובה.

2. אסתטיקה: חישוב שיניים מסייע להימנע מכתים וצבעים לא נוחים על השיניים, מה שמסייע לתמוך באסתטיקה של הפנים.

3. בריאות גלובלית: (~(במקום לכתוב כאן את המילה הלא מתאימה, נכתוב) בד"
"Qwen/Qwen2.5-7B-Instruct","Explain why traffic lights are useful.","הצבעות האוטובוסיות הן שימושיות כי הן מאפשרות לנהגים להימנע מ😉תנגונות תנועה ולחסוך זמן. הן מסייעות לתכנן את המסלול והזמן הנדרש כדי להגיע מהמקום למקום בצורה יעילה. בנוסף, הצבעות מסייעות להימנע מקריסות ולהחמיר את הבטיחות על הכבישים. הן מאפשרות לנהגים להתאים את מהירותם ולמנוע מהתנגשות עם רכב אחר או עם חללי תנועה אחרים. בהגדרת זמנים ספציפיים לכל צבע, הן מאפשרות לנהגים להימנע מתקופות","ה.getSeconds חומרים ל trafיק הם שימושיים כי הם מאפשרים לנו להakest את ה trafיק באופן סודר ויעיל. הם מגדלים את בטיחות ה trafיק על ידי פירוט מסלולי ה trafיק עבור רוכבי אופניים, רוכבי אופניים ומכוניות. בנוסף, הם עוזרים להימנע מהתנגשות בין רכבים ומשפרים את זמינות ה trafיק总体来说，交通信号灯有助于有序和高效地管理交通流量，提高交通安全，减少交通事故，并改善交通流动。他们通过为不同类型的交通工具分配特定的通行时间来实现这一点。

בצורה קצרה, סDIC של交通信号"
"Qwen/Qwen2.5-7B-Instruct","Explain why washing hands helps prevent illness.","כיצד נסיעת ידיים מונעת מחלה:
הנשיה של הידיים היא דרך חשובה להימנע מהדבקות ומחלה. זה מכיל את מספר המיקרובים והביווטים שמצפים על הידיים, כולל חיידקים וברקטריות שיכולים לגרום למחלות. כשאנו משפכים את ידינו בזבוב או בשטיח, אנחנו משמיעים את המיקרובים מה ידיים שלנו. בנוסף, אם אנחנו משפכים את ידינו עם סבון, הסבון פועל על השכבה החיצונית של המיקרובים ועוזר להפריש","כיצד נסיעת ידיים מונעת מחלה:
הנשMBERת של ידיים היא דרך חשובה להימנע מהדבקה במלריה. ידיים משקפות מגוון רחב של חיידקים, חיידקים ופרוקטורים שיכולים לגרום למחלות. כשאנו משקפים את ידיינו על חפצים אחרים או מזון, אנחנו יכולים להעביר את המחלות למשתמשים אחרים או לעצמנו. הנשMBERת מסייעת להשמיד את המיקרובים הללו לפני שהם יוכלו להיגיד או לגרום למחלות. בנוסף, הנשMBERת היא Paso בסיסי להגנה על"
"Qwen/Qwen2.5-7B-Instruct","Explain why the ocean has waves.","הים מופלא בגלים שלו, וגלים נוצרים בשלושה גורמים עיקריים:

1. הרוח: הרוח היא הגורם העיקרי שמתאים את הגלים. כאשר הרוח נתקלת במשטח המים, היא מ✍ה את הגלים על ידי תנועת הידרוספירה. ככל שהרוח חזק יותר והיה זמן רב יותר, כך גלים גדולים יותר ייווצרו.

2. התנועה של היבשה: התנועה של היבשה, כמו רעידות האדמה או צונאמי, יכולות לגרום לגלים גדולים. גלים אלה נקראים גלים","הים מופלא בwavים בשל מספר סיבות.首要检查和翻译这句是否准确表达：
הים מופלא בwavים בשל מספר סיבות. 

הwavים באים מהנשיפה של הרוח על פני המים. הרוח היא השפעה החיצונית המ Girişת את המים ומשחררת אנרגיה. זו האנרגיה שמשדרת את הwavים לאורך פני הים. בנוסף, הגיאומטריה של הים עצמה, כולל רוחב הים והרחבתו, משפיעה על צורתwavים והחומרתם.

הwavים יכולים גם להיווצר כתוצאה מהתנגשות בין נושבות או"
